Account,Wave,Priority,Function,Target Title Cluster,Named Seed,Sales Nav Query,LinkedIn People Query,Google X-Ray Query,Keywords / Filters,Source Signal,Owner,Status,Notes
Dannon,Wave 0 - Warm intros,P1,Exec owner,COO / Chief Operations Officer,Heiko Gerling,"""Danone"" AND (""COO / Chief Operations Officer"" OR ""COO"")",Danone COO / Chief Operations Officer MODEX 2026 OR supply chain OR logistics,"site:linkedin.com/in ""Danone"" ""COO""",Food & Beverage; Past attendee list; MODEX; Atlanta; operations; logistics,Past attendee list; active warm-intro path,Casey,Not started,
Dannon,Wave 0 - Warm intros,P1,Supply Chain,CSCO / SVP Supply Chain,Heiko Gerling,"""Danone"" AND (""CSCO / SVP Supply Chain"" OR ""CSCO"")",Danone CSCO / SVP Supply Chain MODEX 2026 OR supply chain OR logistics,"site:linkedin.com/in ""Danone"" ""CSCO""",Food & Beverage; Past attendee list; MODEX; Atlanta; operations; logistics,Past attendee list; active warm-intro path,Casey,Not started,
Dannon,Wave 0 - Warm intros,P2,Logistics,VP Logistics / Transportation,Heiko Gerling,"""Danone"" AND (""VP Logistics / Transportation"" OR ""VP Logistics"")",Danone VP Logistics / Transportation MODEX 2026 OR supply chain OR logistics,"site:linkedin.com/in ""Danone"" ""VP Logistics""",Food & Beverage; Past attendee list; MODEX; Atlanta; operations; logistics,Past attendee list; active warm-intro path,Casey,Not started,
Dannon,Wave 0 - Warm intros,P2,Operations,VP Customer Service / S&OP,Heiko Gerling,"""Danone"" AND (""VP Customer Service / S&OP"" OR ""VP Customer Service"")",Danone VP Customer Service / S&OP MODEX 2026 OR supply chain OR logistics,"site:linkedin.com/in ""Danone"" ""VP Customer Service""",Food & Beverage; Past attendee list; MODEX; Atlanta; operations; logistics,Past attendee list; active warm-intro path,Casey,Not started,
Dannon,Wave 0 - Warm intros,P3,Transformation,Plant / network operations leader,Heiko Gerling,"""Danone"" AND (""Plant / network operations leader"" OR ""Plant"")",Danone Plant / network operations leader MODEX 2026 OR supply chain OR logistics,"site:linkedin.com/in ""Danone"" ""Plant""",Food & Beverage; Past attendee list; MODEX; Atlanta; operations; logistics,Past attendee list; active warm-intro path,Casey,Not started,
Dannon,Wave 0 - Warm intros,P3,Site leader,Transformation / digital supply chain leader,Heiko Gerling,"""Danone"" AND (""Transformation / digital supply chain leader"" OR ""Transformation"")",Danone Transformation / digital supply chain leader MODEX 2026 OR supply chain OR logistics,"site:linkedin.com/in ""Danone"" ""Transformation""",Food & Beverage; Past attendee list; MODEX; Atlanta; operations; logistics,Past attendee list; active warm-intro path,Casey,Not started,
General Mills,Wave 1 - Must-book,P1,Exec owner,CSCO / Chief Supply Chain Officer,Jonathan Ness,"""General Mills"" AND (""CSCO / Chief Supply Chain Officer"" OR ""CSCO"")",General Mills CSCO / Chief Supply Chain Officer MODEX 2026 OR supply chain OR logistics,"site:linkedin.com/in ""General Mills"" ""CSCO""",Food & Beverage; Past attendee list; MODEX; Atlanta; operations; logistics,Past attendee list; leadership transition in March 2026,Jake,Not started,
General Mills,Wave 1 - Must-book,P1,Supply Chain,VP Logistics / Transportation,Jonathan Ness,"""General Mills"" AND (""VP Logistics / Transportation"" OR ""VP Logistics"")",General Mills VP Logistics / Transportation MODEX 2026 OR supply chain OR logistics,"site:linkedin.com/in ""General Mills"" ""VP Logistics""",Food & Beverage; Past attendee list; MODEX; Atlanta; operations; logistics,Past attendee list; leadership transition in March 2026,Jake,Not started,
General Mills,Wave 1 - Must-book,P2,Logistics,VP Manufacturing,Jonathan Ness,"""General Mills"" AND (""VP Manufacturing"" OR ""VP Manufacturing"")",General Mills VP Manufacturing MODEX 2026 OR supply chain OR logistics,"site:linkedin.com/in ""General Mills"" ""VP Manufacturing""",Food & Beverage; Past attendee list; MODEX; Atlanta; operations; logistics,Past attendee list; leadership transition in March 2026,Jake,Not started,
General Mills,Wave 1 - Must-book,P2,Operations,VP Warehousing / Distribution,Jonathan Ness,"""General Mills"" AND (""VP Warehousing / Distribution"" OR ""VP Warehousing"")",General Mills VP Warehousing / Distribution MODEX 2026 OR supply chain OR logistics,"site:linkedin.com/in ""General Mills"" ""VP Warehousing""",Food & Beverage; Past attendee list; MODEX; Atlanta; operations; logistics,Past attendee list; leadership transition in March 2026,Jake,Not started,
General Mills,Wave 1 - Must-book,P3,Transformation,Director network operations,Jonathan Ness,"""General Mills"" AND (""Director network operations"" OR ""Director network operations"")",General Mills Director network operations MODEX 2026 OR supply chain OR logistics,"site:linkedin.com/in ""General Mills"" ""Director network operations""",Food & Beverage; Past attendee list; MODEX; Atlanta; operations; logistics,Past attendee list; leadership transition in March 2026,Jake,Not started,
General Mills,Wave 1 - Must-book,P3,Site leader,Transformation / supply chain excellence,Jonathan Ness,"""General Mills"" AND (""Transformation / supply chain excellence"" OR ""Transformation"")",General Mills Transformation / supply chain excellence MODEX 2026 OR supply chain OR logistics,"site:linkedin.com/in ""General Mills"" ""Transformation""",Food & Beverage; Past attendee list; MODEX; Atlanta; operations; logistics,Past attendee list; leadership transition in March 2026,Jake,Not started,
Frito-Lay,Wave 1 - Must-book,P1,Exec owner,SVP Supply Chain,Brian Watson,"""PepsiCo"" AND (""SVP Supply Chain"" OR ""SVP Supply Chain"")",PepsiCo SVP Supply Chain MODEX 2026 OR supply chain OR logistics,"site:linkedin.com/in ""PepsiCo"" ""SVP Supply Chain""",Food & Beverage; Past attendee list; MODEX; Atlanta; operations; logistics,Past attendee list,Jake,Not started,
Frito-Lay,Wave 1 - Must-book,P1,Supply Chain,VP Logistics,Brian Watson,"""PepsiCo"" AND (""VP Logistics"" OR ""VP Logistics"")",PepsiCo VP Logistics MODEX 2026 OR supply chain OR logistics,"site:linkedin.com/in ""PepsiCo"" ""VP Logistics""",Food & Beverage; Past attendee list; MODEX; Atlanta; operations; logistics,Past attendee list,Jake,Not started,
Frito-Lay,Wave 1 - Must-book,P2,Logistics,VP Transportation / Fleet,Brian Watson,"""PepsiCo"" AND (""VP Transportation / Fleet"" OR ""VP Transportation"")",PepsiCo VP Transportation / Fleet MODEX 2026 OR supply chain OR logistics,"site:linkedin.com/in ""PepsiCo"" ""VP Transportation""",Food & Beverage; Past attendee list; MODEX; Atlanta; operations; logistics,Past attendee list,Jake,Not started,
Frito-Lay,Wave 1 - Must-book,P2,Operations,VP Manufacturing,Brian Watson,"""PepsiCo"" AND (""VP Manufacturing"" OR ""VP Manufacturing"")",PepsiCo VP Manufacturing MODEX 2026 OR supply chain OR logistics,"site:linkedin.com/in ""PepsiCo"" ""VP Manufacturing""",Food & Beverage; Past attendee list; MODEX; Atlanta; operations; logistics,Past attendee list,Jake,Not started,
Frito-Lay,Wave 1 - Must-book,P3,Transformation,Director network operations,Brian Watson,"""PepsiCo"" AND (""Director network operations"" OR ""Director network operations"")",PepsiCo Director network operations MODEX 2026 OR supply chain OR logistics,"site:linkedin.com/in ""PepsiCo"" ""Director network operations""",Food & Beverage; Past attendee list; MODEX; Atlanta; operations; logistics,Past attendee list,Jake,Not started,
Frito-Lay,Wave 1 - Must-book,P3,Site leader,DC / campus operations leader,Brian Watson,"""PepsiCo"" AND (""DC / campus operations leader"" OR ""DC"")",PepsiCo DC / campus operations leader MODEX 2026 OR supply chain OR logistics,"site:linkedin.com/in ""PepsiCo"" ""DC""",Food & Beverage; Past attendee list; MODEX; Atlanta; operations; logistics,Past attendee list,Jake,Not started,
Diageo,Wave 1 - Must-book,P1,Exec owner,President / Supply or Operations leader,Marsha McIntosh-Hamilton,"""Diageo"" AND (""President / Supply or Operations leader"" OR ""President"")",Diageo President / Supply or Operations leader MODEX 2026 OR supply chain OR logistics,"site:linkedin.com/in ""Diageo"" ""President""",Food & Beverage; Past attendee list; MODEX; Atlanta; operations; logistics,Past attendee list,Jake,Not started,
Diageo,Wave 1 - Must-book,P1,Supply Chain,VP Supply Chain,Marsha McIntosh-Hamilton,"""Diageo"" AND (""VP Supply Chain"" OR ""VP Supply Chain"")",Diageo VP Supply Chain MODEX 2026 OR supply chain OR logistics,"site:linkedin.com/in ""Diageo"" ""VP Supply Chain""",Food & Beverage; Past attendee list; MODEX; Atlanta; operations; logistics,Past attendee list,Jake,Not started,
Diageo,Wave 1 - Must-book,P2,Logistics,VP Logistics,Marsha McIntosh-Hamilton,"""Diageo"" AND (""VP Logistics"" OR ""VP Logistics"")",Diageo VP Logistics MODEX 2026 OR supply chain OR logistics,"site:linkedin.com/in ""Diageo"" ""VP Logistics""",Food & Beverage; Past attendee list; MODEX; Atlanta; operations; logistics,Past attendee list,Jake,Not started,
Diageo,Wave 1 - Must-book,P2,Operations,VP Manufacturing,Marsha McIntosh-Hamilton,"""Diageo"" AND (""VP Manufacturing"" OR ""VP Manufacturing"")",Diageo VP Manufacturing MODEX 2026 OR supply chain OR logistics,"site:linkedin.com/in ""Diageo"" ""VP Manufacturing""",Food & Beverage; Past attendee list; MODEX; Atlanta; operations; logistics,Past attendee list,Jake,Not started,
Diageo,Wave 1 - Must-book,P3,Transformation,Director customer operations / S&OP,Marsha McIntosh-Hamilton,"""Diageo"" AND (""Director customer operations / S&OP"" OR ""Director customer operations"")",Diageo Director customer operations / S&OP MODEX 2026 OR supply chain OR logistics,"site:linkedin.com/in ""Diageo"" ""Director customer operations""",Food & Beverage; Past attendee list; MODEX; Atlanta; operations; logistics,Past attendee list,Jake,Not started,
Diageo,Wave 1 - Must-book,P3,Site leader,Site operations leader,Marsha McIntosh-Hamilton,"""Diageo"" AND (""Site operations leader"" OR ""Site operations leader"")",Diageo Site operations leader MODEX 2026 OR supply chain OR logistics,"site:linkedin.com/in ""Diageo"" ""Site operations leader""",Food & Beverage; Past attendee list; MODEX; Atlanta; operations; logistics,Past attendee list,Jake,Not started,
Hormel Foods,Wave 1 - Must-book,P1,Exec owner,CSCO,Will Bonifant,"""Hormel"" AND (""CSCO"" OR ""CSCO"")",Hormel CSCO MODEX 2026 OR supply chain OR logistics,"site:linkedin.com/in ""Hormel"" ""CSCO""",Food & Beverage; Past attendee list; MODEX; Atlanta; operations; logistics,Past attendee list; leadership transition in March 2026,Jake,Not started,
Hormel Foods,Wave 1 - Must-book,P1,Supply Chain,VP Logistics / Transportation,Will Bonifant,"""Hormel"" AND (""VP Logistics / Transportation"" OR ""VP Logistics"")",Hormel VP Logistics / Transportation MODEX 2026 OR supply chain OR logistics,"site:linkedin.com/in ""Hormel"" ""VP Logistics""",Food & Beverage; Past attendee list; MODEX; Atlanta; operations; logistics,Past attendee list; leadership transition in March 2026,Jake,Not started,
Hormel Foods,Wave 1 - Must-book,P2,Logistics,VP Operations / Manufacturing,Will Bonifant,"""Hormel"" AND (""VP Operations / Manufacturing"" OR ""VP Operations"")",Hormel VP Operations / Manufacturing MODEX 2026 OR supply chain OR logistics,"site:linkedin.com/in ""Hormel"" ""VP Operations""",Food & Beverage; Past attendee list; MODEX; Atlanta; operations; logistics,Past attendee list; leadership transition in March 2026,Jake,Not started,
Hormel Foods,Wave 1 - Must-book,P2,Operations,VP Distribution,Will Bonifant,"""Hormel"" AND (""VP Distribution"" OR ""VP Distribution"")",Hormel VP Distribution MODEX 2026 OR supply chain OR logistics,"site:linkedin.com/in ""Hormel"" ""VP Distribution""",Food & Beverage; Past attendee list; MODEX; Atlanta; operations; logistics,Past attendee list; leadership transition in March 2026,Jake,Not started,
Hormel Foods,Wave 1 - Must-book,P3,Transformation,Director network operations,Will Bonifant,"""Hormel"" AND (""Director network operations"" OR ""Director network operations"")",Hormel Director network operations MODEX 2026 OR supply chain OR logistics,"site:linkedin.com/in ""Hormel"" ""Director network operations""",Food & Beverage; Past attendee list; MODEX; Atlanta; operations; logistics,Past attendee list; leadership transition in March 2026,Jake,Not started,
Hormel Foods,Wave 1 - Must-book,P3,Site leader,Continuous improvement / transformation leader,Will Bonifant,"""Hormel"" AND (""Continuous improvement / transformation leader"" OR ""Continuous improvement"")",Hormel Continuous improvement / transformation leader MODEX 2026 OR supply chain OR logistics,"site:linkedin.com/in ""Hormel"" ""Continuous improvement""",Food & Beverage; Past attendee list; MODEX; Atlanta; operations; logistics,Past attendee list; leadership transition in March 2026,Jake,Not started,
JM Smucker,Wave 1 - Must-book,P1,Exec owner,Chief Product Supply Officer,Rob Ferguson,"""The J.M. Smucker Company"" AND (""Chief Product Supply Officer"" OR ""Chief Product Supply Officer"")",The J.M. Smucker Company Chief Product Supply Officer MODEX 2026 OR supply chain OR logistics,"site:linkedin.com/in ""The J.M. Smucker Company"" ""Chief Product Supply Officer""",Food & Beverage; Past attendee list; MODEX; Atlanta; operations; logistics,Past attendee list; new chief product supply role in Feb 2026,Jake,Not started,
JM Smucker,Wave 1 - Must-book,P1,Supply Chain,VP Logistics / Transportation,Rob Ferguson,"""The J.M. Smucker Company"" AND (""VP Logistics / Transportation"" OR ""VP Logistics"")",The J.M. Smucker Company VP Logistics / Transportation MODEX 2026 OR supply chain OR logistics,"site:linkedin.com/in ""The J.M. Smucker Company"" ""VP Logistics""",Food & Beverage; Past attendee list; MODEX; Atlanta; operations; logistics,Past attendee list; new chief product supply role in Feb 2026,Jake,Not started,
JM Smucker,Wave 1 - Must-book,P2,Logistics,VP Manufacturing,Rob Ferguson,"""The J.M. Smucker Company"" AND (""VP Manufacturing"" OR ""VP Manufacturing"")",The J.M. Smucker Company VP Manufacturing MODEX 2026 OR supply chain OR logistics,"site:linkedin.com/in ""The J.M. Smucker Company"" ""VP Manufacturing""",Food & Beverage; Past attendee list; MODEX; Atlanta; operations; logistics,Past attendee list; new chief product supply role in Feb 2026,Jake,Not started,
JM Smucker,Wave 1 - Must-book,P2,Operations,VP Distribution,Rob Ferguson,"""The J.M. Smucker Company"" AND (""VP Distribution"" OR ""VP Distribution"")",The J.M. Smucker Company VP Distribution MODEX 2026 OR supply chain OR logistics,"site:linkedin.com/in ""The J.M. Smucker Company"" ""VP Distribution""",Food & Beverage; Past attendee list; MODEX; Atlanta; operations; logistics,Past attendee list; new chief product supply role in Feb 2026,Jake,Not started,
JM Smucker,Wave 1 - Must-book,P3,Transformation,Director site operations,Rob Ferguson,"""The J.M. Smucker Company"" AND (""Director site operations"" OR ""Director site operations"")",The J.M. Smucker Company Director site operations MODEX 2026 OR supply chain OR logistics,"site:linkedin.com/in ""The J.M. Smucker Company"" ""Director site operations""",Food & Beverage; Past attendee list; MODEX; Atlanta; operations; logistics,Past attendee list; new chief product supply role in Feb 2026,Jake,Not started,
JM Smucker,Wave 1 - Must-book,P3,Site leader,Transformation / supply chain excellence,Rob Ferguson,"""The J.M. Smucker Company"" AND (""Transformation / supply chain excellence"" OR ""Transformation"")",The J.M. Smucker Company Transformation / supply chain excellence MODEX 2026 OR supply chain OR logistics,"site:linkedin.com/in ""The J.M. Smucker Company"" ""Transformation""",Food & Beverage; Past attendee list; MODEX; Atlanta; operations; logistics,Past attendee list; new chief product supply role in Feb 2026,Jake,Not started,
The Home Depot,Wave 1 - Must-book,P1,Exec owner,EVP Supply Chain / Inventory,John Deaton / John Drake / Amit Kalra,"""The Home Depot"" AND (""EVP Supply Chain / Inventory"" OR ""EVP Supply Chain"")",The Home Depot EVP Supply Chain / Inventory MODEX 2026 OR supply chain OR logistics,"site:linkedin.com/in ""The Home Depot"" ""EVP Supply Chain""",Retail; Past attendee + keynote; MODEX; Atlanta; operations; logistics,Past attendee list + official keynote presence,Jake,Not started,
The Home Depot,Wave 1 - Must-book,P1,Supply Chain,SVP Transportation,John Deaton / John Drake / Amit Kalra,"""The Home Depot"" AND (""SVP Transportation"" OR ""SVP Transportation"")",The Home Depot SVP Transportation MODEX 2026 OR supply chain OR logistics,"site:linkedin.com/in ""The Home Depot"" ""SVP Transportation""",Retail; Past attendee + keynote; MODEX; Atlanta; operations; logistics,Past attendee list + official keynote presence,Jake,Not started,
The Home Depot,Wave 1 - Must-book,P2,Logistics,VP Distribution / Fulfillment,John Deaton / John Drake / Amit Kalra,"""The Home Depot"" AND (""VP Distribution / Fulfillment"" OR ""VP Distribution"")",The Home Depot VP Distribution / Fulfillment MODEX 2026 OR supply chain OR logistics,"site:linkedin.com/in ""The Home Depot"" ""VP Distribution""",Retail; Past attendee + keynote; MODEX; Atlanta; operations; logistics,Past attendee list + official keynote presence,Jake,Not started,
The Home Depot,Wave 1 - Must-book,P2,Operations,VP Supply Chain Strategy,John Deaton / John Drake / Amit Kalra,"""The Home Depot"" AND (""VP Supply Chain Strategy"" OR ""VP Supply Chain Strategy"")",The Home Depot VP Supply Chain Strategy MODEX 2026 OR supply chain OR logistics,"site:linkedin.com/in ""The Home Depot"" ""VP Supply Chain Strategy""",Retail; Past attendee + keynote; MODEX; Atlanta; operations; logistics,Past attendee list + official keynote presence,Jake,Not started,
The Home Depot,Wave 1 - Must-book,P3,Transformation,Director network operations,John Deaton / John Drake / Amit Kalra,"""The Home Depot"" AND (""Director network operations"" OR ""Director network operations"")",The Home Depot Director network operations MODEX 2026 OR supply chain OR logistics,"site:linkedin.com/in ""The Home Depot"" ""Director network operations""",Retail; Past attendee + keynote; MODEX; Atlanta; operations; logistics,Past attendee list + official keynote presence,Jake,Not started,
The Home Depot,Wave 1 - Must-book,P3,Site leader,Innovation / interconnected retail leader,John Deaton / John Drake / Amit Kalra,"""The Home Depot"" AND (""Innovation / interconnected retail leader"" OR ""Innovation"")",The Home Depot Innovation / interconnected retail leader MODEX 2026 OR supply chain OR logistics,"site:linkedin.com/in ""The Home Depot"" ""Innovation""",Retail; Past attendee + keynote; MODEX; Atlanta; operations; logistics,Past attendee list + official keynote presence,Jake,Not started,
Georgia Pacific,Wave 2 - High-value,P1,Exec owner,VP Supply Chain,Ryan Hutcherson / Jeremy Finley,"""Georgia-Pacific"" AND (""VP Supply Chain"" OR ""VP Supply Chain"")",Georgia-Pacific VP Supply Chain MODEX 2026 OR supply chain OR logistics,"site:linkedin.com/in ""Georgia-Pacific"" ""VP Supply Chain""",Industrial; Past attendee list; MODEX; Atlanta; operations; logistics,Past attendee list,Jake,Not started,
Georgia Pacific,Wave 2 - High-value,P1,Supply Chain,VP Logistics / Transportation,Ryan Hutcherson / Jeremy Finley,"""Georgia-Pacific"" AND (""VP Logistics / Transportation"" OR ""VP Logistics"")",Georgia-Pacific VP Logistics / Transportation MODEX 2026 OR supply chain OR logistics,"site:linkedin.com/in ""Georgia-Pacific"" ""VP Logistics""",Industrial; Past attendee list; MODEX; Atlanta; operations; logistics,Past attendee list,Jake,Not started,
Georgia Pacific,Wave 2 - High-value,P2,Logistics,VP Manufacturing / Operations,Ryan Hutcherson / Jeremy Finley,"""Georgia-Pacific"" AND (""VP Manufacturing / Operations"" OR ""VP Manufacturing"")",Georgia-Pacific VP Manufacturing / Operations MODEX 2026 OR supply chain OR logistics,"site:linkedin.com/in ""Georgia-Pacific"" ""VP Manufacturing""",Industrial; Past attendee list; MODEX; Atlanta; operations; logistics,Past attendee list,Jake,Not started,
Georgia Pacific,Wave 2 - High-value,P2,Operations,Director plant logistics,Ryan Hutcherson / Jeremy Finley,"""Georgia-Pacific"" AND (""Director plant logistics"" OR ""Director plant logistics"")",Georgia-Pacific Director plant logistics MODEX 2026 OR supply chain OR logistics,"site:linkedin.com/in ""Georgia-Pacific"" ""Director plant logistics""",Industrial; Past attendee list; MODEX; Atlanta; operations; logistics,Past attendee list,Jake,Not started,
Georgia Pacific,Wave 2 - High-value,P3,Transformation,Director network operations,Ryan Hutcherson / Jeremy Finley,"""Georgia-Pacific"" AND (""Director network operations"" OR ""Director network operations"")",Georgia-Pacific Director network operations MODEX 2026 OR supply chain OR logistics,"site:linkedin.com/in ""Georgia-Pacific"" ""Director network operations""",Industrial; Past attendee list; MODEX; Atlanta; operations; logistics,Past attendee list,Jake,Not started,
Georgia Pacific,Wave 2 - High-value,P3,Site leader,Continuous improvement leader,Ryan Hutcherson / Jeremy Finley,"""Georgia-Pacific"" AND (""Continuous improvement leader"" OR ""Continuous improvement leader"")",Georgia-Pacific Continuous improvement leader MODEX 2026 OR supply chain OR logistics,"site:linkedin.com/in ""Georgia-Pacific"" ""Continuous improvement leader""",Industrial; Past attendee list; MODEX; Atlanta; operations; logistics,Past attendee list,Jake,Not started,
H-E-B,Wave 2 - High-value,P1,Exec owner,VP Logistics,Troy Retzloff / Craig Stucker,"""H-E-B"" AND (""VP Logistics"" OR ""VP Logistics"")",H-E-B VP Logistics MODEX 2026 OR supply chain OR logistics,"site:linkedin.com/in ""H-E-B"" ""VP Logistics""",Retail; Past attendee list; MODEX; Atlanta; operations; logistics,Past attendee list,Jake,Not started,
H-E-B,Wave 2 - High-value,P1,Supply Chain,VP Transportation,Troy Retzloff / Craig Stucker,"""H-E-B"" AND (""VP Transportation"" OR ""VP Transportation"")",H-E-B VP Transportation MODEX 2026 OR supply chain OR logistics,"site:linkedin.com/in ""H-E-B"" ""VP Transportation""",Retail; Past attendee list; MODEX; Atlanta; operations; logistics,Past attendee list,Jake,Not started,
H-E-B,Wave 2 - High-value,P2,Logistics,VP Distribution / Warehousing,Troy Retzloff / Craig Stucker,"""H-E-B"" AND (""VP Distribution / Warehousing"" OR ""VP Distribution"")",H-E-B VP Distribution / Warehousing MODEX 2026 OR supply chain OR logistics,"site:linkedin.com/in ""H-E-B"" ""VP Distribution""",Retail; Past attendee list; MODEX; Atlanta; operations; logistics,Past attendee list,Jake,Not started,
H-E-B,Wave 2 - High-value,P2,Operations,Director network operations,Troy Retzloff / Craig Stucker,"""H-E-B"" AND (""Director network operations"" OR ""Director network operations"")",H-E-B Director network operations MODEX 2026 OR supply chain OR logistics,"site:linkedin.com/in ""H-E-B"" ""Director network operations""",Retail; Past attendee list; MODEX; Atlanta; operations; logistics,Past attendee list,Jake,Not started,
H-E-B,Wave 2 - High-value,P3,Transformation,Director campus / yard operations,Troy Retzloff / Craig Stucker,"""H-E-B"" AND (""Director campus / yard operations"" OR ""Director campus"")",H-E-B Director campus / yard operations MODEX 2026 OR supply chain OR logistics,"site:linkedin.com/in ""H-E-B"" ""Director campus""",Retail; Past attendee list; MODEX; Atlanta; operations; logistics,Past attendee list,Jake,Not started,
H-E-B,Wave 2 - High-value,P3,Site leader,Process improvement leader,Troy Retzloff / Craig Stucker,"""H-E-B"" AND (""Process improvement leader"" OR ""Process improvement leader"")",H-E-B Process improvement leader MODEX 2026 OR supply chain OR logistics,"site:linkedin.com/in ""H-E-B"" ""Process improvement leader""",Retail; Past attendee list; MODEX; Atlanta; operations; logistics,Past attendee list,Jake,Not started,
Hyundai Motor America,Wave 2 - High-value,P1,Exec owner,VP Logistics,Carey Gammon / Yongchul Chung,"""Hyundai"" AND (""VP Logistics"" OR ""VP Logistics"")",Hyundai VP Logistics MODEX 2026 OR supply chain OR logistics,"site:linkedin.com/in ""Hyundai"" ""VP Logistics""",Manufacturing; Past attendee list; MODEX; Atlanta; operations; logistics,Past attendee list,Jake,Not started,
Hyundai Motor America,Wave 2 - High-value,P1,Supply Chain,VP Supply Chain,Carey Gammon / Yongchul Chung,"""Hyundai"" AND (""VP Supply Chain"" OR ""VP Supply Chain"")",Hyundai VP Supply Chain MODEX 2026 OR supply chain OR logistics,"site:linkedin.com/in ""Hyundai"" ""VP Supply Chain""",Manufacturing; Past attendee list; MODEX; Atlanta; operations; logistics,Past attendee list,Jake,Not started,
Hyundai Motor America,Wave 2 - High-value,P2,Logistics,Director finished vehicle logistics,Carey Gammon / Yongchul Chung,"""Hyundai"" AND (""Director finished vehicle logistics"" OR ""Director finished vehicle logistics"")",Hyundai Director finished vehicle logistics MODEX 2026 OR supply chain OR logistics,"site:linkedin.com/in ""Hyundai"" ""Director finished vehicle logistics""",Manufacturing; Past attendee list; MODEX; Atlanta; operations; logistics,Past attendee list,Jake,Not started,
Hyundai Motor America,Wave 2 - High-value,P2,Operations,Director transportation,Carey Gammon / Yongchul Chung,"""Hyundai"" AND (""Director transportation"" OR ""Director transportation"")",Hyundai Director transportation MODEX 2026 OR supply chain OR logistics,"site:linkedin.com/in ""Hyundai"" ""Director transportation""",Manufacturing; Past attendee list; MODEX; Atlanta; operations; logistics,Past attendee list,Jake,Not started,
Hyundai Motor America,Wave 2 - High-value,P3,Transformation,Yard / port operations leader,Carey Gammon / Yongchul Chung,"""Hyundai"" AND (""Yard / port operations leader"" OR ""Yard"")",Hyundai Yard / port operations leader MODEX 2026 OR supply chain OR logistics,"site:linkedin.com/in ""Hyundai"" ""Yard""",Manufacturing; Past attendee list; MODEX; Atlanta; operations; logistics,Past attendee list,Jake,Not started,
Hyundai Motor America,Wave 2 - High-value,P3,Site leader,Transformation leader,Carey Gammon / Yongchul Chung,"""Hyundai"" AND (""Transformation leader"" OR ""Transformation leader"")",Hyundai Transformation leader MODEX 2026 OR supply chain OR logistics,"site:linkedin.com/in ""Hyundai"" ""Transformation leader""",Manufacturing; Past attendee list; MODEX; Atlanta; operations; logistics,Past attendee list,Jake,Not started,
Honda,Wave 2 - High-value,P1,Exec owner,VP Supply Chain,Jim Small / Nicole Miller / Brian Beard,"""Honda"" AND (""VP Supply Chain"" OR ""VP Supply Chain"")",Honda VP Supply Chain MODEX 2026 OR supply chain OR logistics,"site:linkedin.com/in ""Honda"" ""VP Supply Chain""",Manufacturing; Past attendee list; MODEX; Atlanta; operations; logistics,Past attendee list,Jake,Not started,
Honda,Wave 2 - High-value,P1,Supply Chain,VP Logistics,Jim Small / Nicole Miller / Brian Beard,"""Honda"" AND (""VP Logistics"" OR ""VP Logistics"")",Honda VP Logistics MODEX 2026 OR supply chain OR logistics,"site:linkedin.com/in ""Honda"" ""VP Logistics""",Manufacturing; Past attendee list; MODEX; Atlanta; operations; logistics,Past attendee list,Jake,Not started,
Honda,Wave 2 - High-value,P2,Logistics,Director plant logistics,Jim Small / Nicole Miller / Brian Beard,"""Honda"" AND (""Director plant logistics"" OR ""Director plant logistics"")",Honda Director plant logistics MODEX 2026 OR supply chain OR logistics,"site:linkedin.com/in ""Honda"" ""Director plant logistics""",Manufacturing; Past attendee list; MODEX; Atlanta; operations; logistics,Past attendee list,Jake,Not started,
Honda,Wave 2 - High-value,P2,Operations,Director transportation,Jim Small / Nicole Miller / Brian Beard,"""Honda"" AND (""Director transportation"" OR ""Director transportation"")",Honda Director transportation MODEX 2026 OR supply chain OR logistics,"site:linkedin.com/in ""Honda"" ""Director transportation""",Manufacturing; Past attendee list; MODEX; Atlanta; operations; logistics,Past attendee list,Jake,Not started,
Honda,Wave 2 - High-value,P3,Transformation,Site operations leader,Jim Small / Nicole Miller / Brian Beard,"""Honda"" AND (""Site operations leader"" OR ""Site operations leader"")",Honda Site operations leader MODEX 2026 OR supply chain OR logistics,"site:linkedin.com/in ""Honda"" ""Site operations leader""",Manufacturing; Past attendee list; MODEX; Atlanta; operations; logistics,Past attendee list,Jake,Not started,
Honda,Wave 2 - High-value,P3,Site leader,Transformation leader,Jim Small / Nicole Miller / Brian Beard,"""Honda"" AND (""Transformation leader"" OR ""Transformation leader"")",Honda Transformation leader MODEX 2026 OR supply chain OR logistics,"site:linkedin.com/in ""Honda"" ""Transformation leader""",Manufacturing; Past attendee list; MODEX; Atlanta; operations; logistics,Past attendee list,Jake,Not started,
John Deere,Wave 2 - High-value,P1,Exec owner,President / enterprise supply management,Cory Reed,"""John Deere"" AND (""President / enterprise supply management"" OR ""President"")",John Deere President / enterprise supply management MODEX 2026 OR supply chain OR logistics,"site:linkedin.com/in ""John Deere"" ""President""",Manufacturing; Past attendee list; MODEX; Atlanta; operations; logistics,Past attendee list,Jake,Not started,
John Deere,Wave 2 - High-value,P1,Supply Chain,VP Logistics,Cory Reed,"""John Deere"" AND (""VP Logistics"" OR ""VP Logistics"")",John Deere VP Logistics MODEX 2026 OR supply chain OR logistics,"site:linkedin.com/in ""John Deere"" ""VP Logistics""",Manufacturing; Past attendee list; MODEX; Atlanta; operations; logistics,Past attendee list,Jake,Not started,
John Deere,Wave 2 - High-value,P2,Logistics,VP Manufacturing,Cory Reed,"""John Deere"" AND (""VP Manufacturing"" OR ""VP Manufacturing"")",John Deere VP Manufacturing MODEX 2026 OR supply chain OR logistics,"site:linkedin.com/in ""John Deere"" ""VP Manufacturing""",Manufacturing; Past attendee list; MODEX; Atlanta; operations; logistics,Past attendee list,Jake,Not started,
John Deere,Wave 2 - High-value,P2,Operations,Director site logistics,Cory Reed,"""John Deere"" AND (""Director site logistics"" OR ""Director site logistics"")",John Deere Director site logistics MODEX 2026 OR supply chain OR logistics,"site:linkedin.com/in ""John Deere"" ""Director site logistics""",Manufacturing; Past attendee list; MODEX; Atlanta; operations; logistics,Past attendee list,Jake,Not started,
John Deere,Wave 2 - High-value,P3,Transformation,Director network operations,Cory Reed,"""John Deere"" AND (""Director network operations"" OR ""Director network operations"")",John Deere Director network operations MODEX 2026 OR supply chain OR logistics,"site:linkedin.com/in ""John Deere"" ""Director network operations""",Manufacturing; Past attendee list; MODEX; Atlanta; operations; logistics,Past attendee list,Jake,Not started,
John Deere,Wave 2 - High-value,P3,Site leader,Digital transformation leader,Cory Reed,"""John Deere"" AND (""Digital transformation leader"" OR ""Digital transformation leader"")",John Deere Digital transformation leader MODEX 2026 OR supply chain OR logistics,"site:linkedin.com/in ""John Deere"" ""Digital transformation leader""",Manufacturing; Past attendee list; MODEX; Atlanta; operations; logistics,Past attendee list,Jake,Not started,
Kenco Logistics Services,Wave 3 - Ecosystem / opportunistic,P1,Exec owner,VP Innovation,Kristi Montgomery,"""Kenco"" AND (""VP Innovation"" OR ""VP Innovation"")",Kenco VP Innovation MODEX 2026 OR supply chain OR logistics,"site:linkedin.com/in ""Kenco"" ""VP Innovation""",3PL / Logistics; Named speaker; MODEX; Atlanta; operations; logistics,Named speaker in official session program,Jake,Not started,
Kenco Logistics Services,Wave 3 - Ecosystem / opportunistic,P1,Supply Chain,VP Operations,Kristi Montgomery,"""Kenco"" AND (""VP Operations"" OR ""VP Operations"")",Kenco VP Operations MODEX 2026 OR supply chain OR logistics,"site:linkedin.com/in ""Kenco"" ""VP Operations""",3PL / Logistics; Named speaker; MODEX; Atlanta; operations; logistics,Named speaker in official session program,Jake,Not started,
Kenco Logistics Services,Wave 3 - Ecosystem / opportunistic,P2,Logistics,VP Customer Solutions,Kristi Montgomery,"""Kenco"" AND (""VP Customer Solutions"" OR ""VP Customer Solutions"")",Kenco VP Customer Solutions MODEX 2026 OR supply chain OR logistics,"site:linkedin.com/in ""Kenco"" ""VP Customer Solutions""",3PL / Logistics; Named speaker; MODEX; Atlanta; operations; logistics,Named speaker in official session program,Jake,Not started,
Kenco Logistics Services,Wave 3 - Ecosystem / opportunistic,P2,Operations,Business development leader,Kristi Montgomery,"""Kenco"" AND (""Business development leader"" OR ""Business development leader"")",Kenco Business development leader MODEX 2026 OR supply chain OR logistics,"site:linkedin.com/in ""Kenco"" ""Business development leader""",3PL / Logistics; Named speaker; MODEX; Atlanta; operations; logistics,Named speaker in official session program,Jake,Not started,
Kenco Logistics Services,Wave 3 - Ecosystem / opportunistic,P3,Transformation,Network engineering leader,Kristi Montgomery,"""Kenco"" AND (""Network engineering leader"" OR ""Network engineering leader"")",Kenco Network engineering leader MODEX 2026 OR supply chain OR logistics,"site:linkedin.com/in ""Kenco"" ""Network engineering leader""",3PL / Logistics; Named speaker; MODEX; Atlanta; operations; logistics,Named speaker in official session program,Jake,Not started,
Kenco Logistics Services,Wave 3 - Ecosystem / opportunistic,P3,Site leader,Executive sponsor,Kristi Montgomery,"""Kenco"" AND (""Executive sponsor"" OR ""Executive sponsor"")",Kenco Executive sponsor MODEX 2026 OR supply chain OR logistics,"site:linkedin.com/in ""Kenco"" ""Executive sponsor""",3PL / Logistics; Named speaker; MODEX; Atlanta; operations; logistics,Named speaker in official session program,Jake,Not started,
Barnes & Noble,Wave 3 - Ecosystem / opportunistic,P1,Exec owner,CSCO,Annette Danek-Akey,"""Barnes & Noble"" AND (""CSCO"" OR ""CSCO"")",Barnes & Noble CSCO MODEX 2026 OR supply chain OR logistics,"site:linkedin.com/in ""Barnes & Noble"" ""CSCO""",Retail; Named speaker; MODEX; Atlanta; operations; logistics,Named speaker in official session program,Jake,Not started,
Barnes & Noble,Wave 3 - Ecosystem / opportunistic,P1,Supply Chain,VP Distribution / Logistics,Annette Danek-Akey,"""Barnes & Noble"" AND (""VP Distribution / Logistics"" OR ""VP Distribution"")",Barnes & Noble VP Distribution / Logistics MODEX 2026 OR supply chain OR logistics,"site:linkedin.com/in ""Barnes & Noble"" ""VP Distribution""",Retail; Named speaker; MODEX; Atlanta; operations; logistics,Named speaker in official session program,Jake,Not started,
Barnes & Noble,Wave 3 - Ecosystem / opportunistic,P2,Logistics,VP Transportation,Annette Danek-Akey,"""Barnes & Noble"" AND (""VP Transportation"" OR ""VP Transportation"")",Barnes & Noble VP Transportation MODEX 2026 OR supply chain OR logistics,"site:linkedin.com/in ""Barnes & Noble"" ""VP Transportation""",Retail; Named speaker; MODEX; Atlanta; operations; logistics,Named speaker in official session program,Jake,Not started,
Barnes & Noble,Wave 3 - Ecosystem / opportunistic,P2,Operations,Director replenishment / network ops,Annette Danek-Akey,"""Barnes & Noble"" AND (""Director replenishment / network ops"" OR ""Director replenishment"")",Barnes & Noble Director replenishment / network ops MODEX 2026 OR supply chain OR logistics,"site:linkedin.com/in ""Barnes & Noble"" ""Director replenishment""",Retail; Named speaker; MODEX; Atlanta; operations; logistics,Named speaker in official session program,Jake,Not started,
Barnes & Noble,Wave 3 - Ecosystem / opportunistic,P3,Transformation,DC operations leader,Annette Danek-Akey,"""Barnes & Noble"" AND (""DC operations leader"" OR ""DC operations leader"")",Barnes & Noble DC operations leader MODEX 2026 OR supply chain OR logistics,"site:linkedin.com/in ""Barnes & Noble"" ""DC operations leader""",Retail; Named speaker; MODEX; Atlanta; operations; logistics,Named speaker in official session program,Jake,Not started,
Barnes & Noble,Wave 3 - Ecosystem / opportunistic,P3,Site leader,Transformation leader,Annette Danek-Akey,"""Barnes & Noble"" AND (""Transformation leader"" OR ""Transformation leader"")",Barnes & Noble Transformation leader MODEX 2026 OR supply chain OR logistics,"site:linkedin.com/in ""Barnes & Noble"" ""Transformation leader""",Retail; Named speaker; MODEX; Atlanta; operations; logistics,Named speaker in official session program,Jake,Not started,
FedEx,Wave 3 - Ecosystem / opportunistic,P1,Exec owner,VP Operations,Scott Temple,"""FedEx"" AND (""VP Operations"" OR ""VP Operations"")",FedEx VP Operations MODEX 2026 OR supply chain OR logistics,"site:linkedin.com/in ""FedEx"" ""VP Operations""",3PL / Logistics; Past attendee list; MODEX; Atlanta; operations; logistics,Past attendee list,Jake,Not started,
FedEx,Wave 3 - Ecosystem / opportunistic,P1,Supply Chain,VP Transportation,Scott Temple,"""FedEx"" AND (""VP Transportation"" OR ""VP Transportation"")",FedEx VP Transportation MODEX 2026 OR supply chain OR logistics,"site:linkedin.com/in ""FedEx"" ""VP Transportation""",3PL / Logistics; Past attendee list; MODEX; Atlanta; operations; logistics,Past attendee list,Jake,Not started,
FedEx,Wave 3 - Ecosystem / opportunistic,P2,Logistics,VP Network Planning,Scott Temple,"""FedEx"" AND (""VP Network Planning"" OR ""VP Network Planning"")",FedEx VP Network Planning MODEX 2026 OR supply chain OR logistics,"site:linkedin.com/in ""FedEx"" ""VP Network Planning""",3PL / Logistics; Past attendee list; MODEX; Atlanta; operations; logistics,Past attendee list,Jake,Not started,
FedEx,Wave 3 - Ecosystem / opportunistic,P2,Operations,Director sort / hub operations,Scott Temple,"""FedEx"" AND (""Director sort / hub operations"" OR ""Director sort"")",FedEx Director sort / hub operations MODEX 2026 OR supply chain OR logistics,"site:linkedin.com/in ""FedEx"" ""Director sort""",3PL / Logistics; Past attendee list; MODEX; Atlanta; operations; logistics,Past attendee list,Jake,Not started,
FedEx,Wave 3 - Ecosystem / opportunistic,P3,Transformation,Innovation leader,Scott Temple,"""FedEx"" AND (""Innovation leader"" OR ""Innovation leader"")",FedEx Innovation leader MODEX 2026 OR supply chain OR logistics,"site:linkedin.com/in ""FedEx"" ""Innovation leader""",3PL / Logistics; Past attendee list; MODEX; Atlanta; operations; logistics,Past attendee list,Jake,Not started,
FedEx,Wave 3 - Ecosystem / opportunistic,P3,Site leader,Partnership leader,Scott Temple,"""FedEx"" AND (""Partnership leader"" OR ""Partnership leader"")",FedEx Partnership leader MODEX 2026 OR supply chain OR logistics,"site:linkedin.com/in ""FedEx"" ""Partnership leader""",3PL / Logistics; Past attendee list; MODEX; Atlanta; operations; logistics,Past attendee list,Jake,Not started,