"account","priority_band","tier","current_repo_count","current_source","fact_status","query_id","query_label","purpose","query","google_url"
"Dannon","A","Tier 1","15+","accounts-json","missing","official-footprint","Official Footprint","Find the company's published network, locations, or footprint page.","(""Dannon"" OR ""Danone"") (locations OR footprint OR network) (manufacturing OR plant OR warehouse OR ""distribution center"")","https://www.google.com/search?q=(%22Dannon%22%20OR%20%22Danone%22)%20(locations%20OR%20footprint%20OR%20network)%20(manufacturing%20OR%20plant%20OR%20warehouse%20OR%20%22distribution%20center%22)"
"Dannon","A","Tier 1","15+","accounts-json","missing","annual-report","Annual Report / IR","Find investor-facing language that discloses facility totals or regional footprint.","(""Dannon"" OR ""Danone"") (""annual report"" OR investor OR ""10-K"") (facilities OR plants OR warehouses OR ""distribution centers"")","https://www.google.com/search?q=(%22Dannon%22%20OR%20%22Danone%22)%20(%22annual%20report%22%20OR%20investor%20OR%20%2210-K%22)%20(facilities%20OR%20plants%20OR%20warehouses%20OR%20%22distribution%20centers%22)"
"Dannon","A","Tier 1","15+","accounts-json","missing","sec-filings","SEC Filings","Cross-check formal public filings when company marketing pages are vague.","site:sec.gov (""Dannon"" OR ""Danone"") (""10-K"" OR ""annual report"") (facilities OR plants OR warehouse OR logistics)","https://www.google.com/search?q=site%3Asec.gov%20(%22Dannon%22%20OR%20%22Danone%22)%20(%2210-K%22%20OR%20%22annual%20report%22)%20(facilities%20OR%20plants%20OR%20warehouse%20OR%20logistics)"
"Dannon","A","Tier 1","15+","accounts-json","missing","north-america-network","North America Network","Separate global footprint claims from the network Casey is actually selling into.","(""Dannon"" OR ""Danone"") (""North America"" OR USA OR US) (manufacturing OR distribution OR logistics) (facilities OR plants OR DCs OR warehouses)","https://www.google.com/search?q=(%22Dannon%22%20OR%20%22Danone%22)%20(%22North%20America%22%20OR%20USA%20OR%20US)%20(manufacturing%20OR%20distribution%20OR%20logistics)%20(facilities%20OR%20plants%20OR%20DCs%20OR%20warehouses)"
"Dannon","A","Tier 1","15+","accounts-json","missing","expansion-history","Expansion History","Catch openings, expansions, and new DC announcements that imply current footprint scale.","(""Dannon"" OR ""Danone"") (""distribution center"" OR plant OR warehouse) (opened OR expansion OR footprint OR network)","https://www.google.com/search?q=(%22Dannon%22%20OR%20%22Danone%22)%20(%22distribution%20center%22%20OR%20plant%20OR%20warehouse)%20(opened%20OR%20expansion%20OR%20footprint%20OR%20network)"
"Dannon","A","Tier 1","15+","accounts-json","missing","operations-footprint","Operations Footprint","Find supply-chain and operations interviews that mention site counts and operating model.","(""Dannon"" OR ""Danone"") (""supply chain"" OR operations OR manufacturing OR logistics) (footprint OR facilities OR plants OR network)","https://www.google.com/search?q=(%22Dannon%22%20OR%20%22Danone%22)%20(%22supply%20chain%22%20OR%20operations%20OR%20manufacturing%20OR%20logistics)%20(footprint%20OR%20facilities%20OR%20plants%20OR%20network)"
"Diageo","B","Tier 2","30+","accounts-json","missing","official-footprint","Official Footprint","Find the company's published network, locations, or footprint page.","""Diageo"" (locations OR footprint OR network) (manufacturing OR plant OR warehouse OR ""distribution center"")","https://www.google.com/search?q=%22Diageo%22%20(locations%20OR%20footprint%20OR%20network)%20(manufacturing%20OR%20plant%20OR%20warehouse%20OR%20%22distribution%20center%22)"
"Diageo","B","Tier 2","30+","accounts-json","missing","annual-report","Annual Report / IR","Find investor-facing language that discloses facility totals or regional footprint.","""Diageo"" (""annual report"" OR investor OR ""10-K"") (facilities OR plants OR warehouses OR ""distribution centers"")","https://www.google.com/search?q=%22Diageo%22%20(%22annual%20report%22%20OR%20investor%20OR%20%2210-K%22)%20(facilities%20OR%20plants%20OR%20warehouses%20OR%20%22distribution%20centers%22)"
"Diageo","B","Tier 2","30+","accounts-json","missing","sec-filings","SEC Filings","Cross-check formal public filings when company marketing pages are vague.","site:sec.gov ""Diageo"" (""10-K"" OR ""annual report"") (facilities OR plants OR warehouse OR logistics)","https://www.google.com/search?q=site%3Asec.gov%20%22Diageo%22%20(%2210-K%22%20OR%20%22annual%20report%22)%20(facilities%20OR%20plants%20OR%20warehouse%20OR%20logistics)"
"Diageo","B","Tier 2","30+","accounts-json","missing","north-america-network","North America Network","Separate global footprint claims from the network Casey is actually selling into.","""Diageo"" (""North America"" OR USA OR US) (manufacturing OR distribution OR logistics) (facilities OR plants OR DCs OR warehouses)","https://www.google.com/search?q=%22Diageo%22%20(%22North%20America%22%20OR%20USA%20OR%20US)%20(manufacturing%20OR%20distribution%20OR%20logistics)%20(facilities%20OR%20plants%20OR%20DCs%20OR%20warehouses)"
"Diageo","B","Tier 2","30+","accounts-json","missing","expansion-history","Expansion History","Catch openings, expansions, and new DC announcements that imply current footprint scale.","""Diageo"" (""distribution center"" OR plant OR warehouse) (opened OR expansion OR footprint OR network)","https://www.google.com/search?q=%22Diageo%22%20(%22distribution%20center%22%20OR%20plant%20OR%20warehouse)%20(opened%20OR%20expansion%20OR%20footprint%20OR%20network)"
"Diageo","B","Tier 2","30+","accounts-json","missing","operations-footprint","Operations Footprint","Find supply-chain and operations interviews that mention site counts and operating model.","""Diageo"" (""supply chain"" OR operations OR manufacturing OR logistics) (footprint OR facilities OR plants OR network)","https://www.google.com/search?q=%22Diageo%22%20(%22supply%20chain%22%20OR%20operations%20OR%20manufacturing%20OR%20logistics)%20(footprint%20OR%20facilities%20OR%20plants%20OR%20network)"
"Frito-Lay","B","Tier 2","20+","heuristic","missing","official-footprint","Official Footprint","Find the company's published network, locations, or footprint page.","(""Frito-Lay"" OR ""PepsiCo"") (locations OR footprint OR network) (manufacturing OR plant OR warehouse OR ""distribution center"")","https://www.google.com/search?q=(%22Frito-Lay%22%20OR%20%22PepsiCo%22)%20(locations%20OR%20footprint%20OR%20network)%20(manufacturing%20OR%20plant%20OR%20warehouse%20OR%20%22distribution%20center%22)"
"Frito-Lay","B","Tier 2","20+","heuristic","missing","annual-report","Annual Report / IR","Find investor-facing language that discloses facility totals or regional footprint.","(""Frito-Lay"" OR ""PepsiCo"") (""annual report"" OR investor OR ""10-K"") (facilities OR plants OR warehouses OR ""distribution centers"")","https://www.google.com/search?q=(%22Frito-Lay%22%20OR%20%22PepsiCo%22)%20(%22annual%20report%22%20OR%20investor%20OR%20%2210-K%22)%20(facilities%20OR%20plants%20OR%20warehouses%20OR%20%22distribution%20centers%22)"
"Frito-Lay","B","Tier 2","20+","heuristic","missing","sec-filings","SEC Filings","Cross-check formal public filings when company marketing pages are vague.","site:sec.gov (""Frito-Lay"" OR ""PepsiCo"") (""10-K"" OR ""annual report"") (facilities OR plants OR warehouse OR logistics)","https://www.google.com/search?q=site%3Asec.gov%20(%22Frito-Lay%22%20OR%20%22PepsiCo%22)%20(%2210-K%22%20OR%20%22annual%20report%22)%20(facilities%20OR%20plants%20OR%20warehouse%20OR%20logistics)"
"Frito-Lay","B","Tier 2","20+","heuristic","missing","north-america-network","North America Network","Separate global footprint claims from the network Casey is actually selling into.","(""Frito-Lay"" OR ""PepsiCo"") (""North America"" OR USA OR US) (manufacturing OR distribution OR logistics) (facilities OR plants OR DCs OR warehouses)","https://www.google.com/search?q=(%22Frito-Lay%22%20OR%20%22PepsiCo%22)%20(%22North%20America%22%20OR%20USA%20OR%20US)%20(manufacturing%20OR%20distribution%20OR%20logistics)%20(facilities%20OR%20plants%20OR%20DCs%20OR%20warehouses)"
"Frito-Lay","B","Tier 2","20+","heuristic","missing","expansion-history","Expansion History","Catch openings, expansions, and new DC announcements that imply current footprint scale.","(""Frito-Lay"" OR ""PepsiCo"") (""distribution center"" OR plant OR warehouse) (opened OR expansion OR footprint OR network)","https://www.google.com/search?q=(%22Frito-Lay%22%20OR%20%22PepsiCo%22)%20(%22distribution%20center%22%20OR%20plant%20OR%20warehouse)%20(opened%20OR%20expansion%20OR%20footprint%20OR%20network)"
"Frito-Lay","B","Tier 2","20+","heuristic","missing","operations-footprint","Operations Footprint","Find supply-chain and operations interviews that mention site counts and operating model.","(""Frito-Lay"" OR ""PepsiCo"") (""supply chain"" OR operations OR manufacturing OR logistics) (footprint OR facilities OR plants OR network)","https://www.google.com/search?q=(%22Frito-Lay%22%20OR%20%22PepsiCo%22)%20(%22supply%20chain%22%20OR%20operations%20OR%20manufacturing%20OR%20logistics)%20(footprint%20OR%20facilities%20OR%20plants%20OR%20network)"
"General Mills","B","Tier 2","20+","heuristic","missing","official-footprint","Official Footprint","Find the company's published network, locations, or footprint page.","""General Mills"" (locations OR footprint OR network) (manufacturing OR plant OR warehouse OR ""distribution center"")","https://www.google.com/search?q=%22General%20Mills%22%20(locations%20OR%20footprint%20OR%20network)%20(manufacturing%20OR%20plant%20OR%20warehouse%20OR%20%22distribution%20center%22)"
"General Mills","B","Tier 2","20+","heuristic","missing","annual-report","Annual Report / IR","Find investor-facing language that discloses facility totals or regional footprint.","""General Mills"" (""annual report"" OR investor OR ""10-K"") (facilities OR plants OR warehouses OR ""distribution centers"")","https://www.google.com/search?q=%22General%20Mills%22%20(%22annual%20report%22%20OR%20investor%20OR%20%2210-K%22)%20(facilities%20OR%20plants%20OR%20warehouses%20OR%20%22distribution%20centers%22)"
"General Mills","B","Tier 2","20+","heuristic","missing","sec-filings","SEC Filings","Cross-check formal public filings when company marketing pages are vague.","site:sec.gov ""General Mills"" (""10-K"" OR ""annual report"") (facilities OR plants OR warehouse OR logistics)","https://www.google.com/search?q=site%3Asec.gov%20%22General%20Mills%22%20(%2210-K%22%20OR%20%22annual%20report%22)%20(facilities%20OR%20plants%20OR%20warehouse%20OR%20logistics)"
"General Mills","B","Tier 2","20+","heuristic","missing","north-america-network","North America Network","Separate global footprint claims from the network Casey is actually selling into.","""General Mills"" (""North America"" OR USA OR US) (manufacturing OR distribution OR logistics) (facilities OR plants OR DCs OR warehouses)","https://www.google.com/search?q=%22General%20Mills%22%20(%22North%20America%22%20OR%20USA%20OR%20US)%20(manufacturing%20OR%20distribution%20OR%20logistics)%20(facilities%20OR%20plants%20OR%20DCs%20OR%20warehouses)"
"General Mills","B","Tier 2","20+","heuristic","missing","expansion-history","Expansion History","Catch openings, expansions, and new DC announcements that imply current footprint scale.","""General Mills"" (""distribution center"" OR plant OR warehouse) (opened OR expansion OR footprint OR network)","https://www.google.com/search?q=%22General%20Mills%22%20(%22distribution%20center%22%20OR%20plant%20OR%20warehouse)%20(opened%20OR%20expansion%20OR%20footprint%20OR%20network)"
"General Mills","B","Tier 2","20+","heuristic","missing","operations-footprint","Operations Footprint","Find supply-chain and operations interviews that mention site counts and operating model.","""General Mills"" (""supply chain"" OR operations OR manufacturing OR logistics) (footprint OR facilities OR plants OR network)","https://www.google.com/search?q=%22General%20Mills%22%20(%22supply%20chain%22%20OR%20operations%20OR%20manufacturing%20OR%20logistics)%20(footprint%20OR%20facilities%20OR%20plants%20OR%20network)"
"Hormel Foods","B","Tier 2","40+","accounts-json","missing","official-footprint","Official Footprint","Find the company's published network, locations, or footprint page.","(""Hormel Foods"" OR ""Hormel"") (locations OR footprint OR network) (manufacturing OR plant OR warehouse OR ""distribution center"")","https://www.google.com/search?q=(%22Hormel%20Foods%22%20OR%20%22Hormel%22)%20(locations%20OR%20footprint%20OR%20network)%20(manufacturing%20OR%20plant%20OR%20warehouse%20OR%20%22distribution%20center%22)"
"Hormel Foods","B","Tier 2","40+","accounts-json","missing","annual-report","Annual Report / IR","Find investor-facing language that discloses facility totals or regional footprint.","(""Hormel Foods"" OR ""Hormel"") (""annual report"" OR investor OR ""10-K"") (facilities OR plants OR warehouses OR ""distribution centers"")","https://www.google.com/search?q=(%22Hormel%20Foods%22%20OR%20%22Hormel%22)%20(%22annual%20report%22%20OR%20investor%20OR%20%2210-K%22)%20(facilities%20OR%20plants%20OR%20warehouses%20OR%20%22distribution%20centers%22)"
"Hormel Foods","B","Tier 2","40+","accounts-json","missing","sec-filings","SEC Filings","Cross-check formal public filings when company marketing pages are vague.","site:sec.gov (""Hormel Foods"" OR ""Hormel"") (""10-K"" OR ""annual report"") (facilities OR plants OR warehouse OR logistics)","https://www.google.com/search?q=site%3Asec.gov%20(%22Hormel%20Foods%22%20OR%20%22Hormel%22)%20(%2210-K%22%20OR%20%22annual%20report%22)%20(facilities%20OR%20plants%20OR%20warehouse%20OR%20logistics)"
"Hormel Foods","B","Tier 2","40+","accounts-json","missing","north-america-network","North America Network","Separate global footprint claims from the network Casey is actually selling into.","(""Hormel Foods"" OR ""Hormel"") (""North America"" OR USA OR US) (manufacturing OR distribution OR logistics) (facilities OR plants OR DCs OR warehouses)","https://www.google.com/search?q=(%22Hormel%20Foods%22%20OR%20%22Hormel%22)%20(%22North%20America%22%20OR%20USA%20OR%20US)%20(manufacturing%20OR%20distribution%20OR%20logistics)%20(facilities%20OR%20plants%20OR%20DCs%20OR%20warehouses)"
"Hormel Foods","B","Tier 2","40+","accounts-json","missing","expansion-history","Expansion History","Catch openings, expansions, and new DC announcements that imply current footprint scale.","(""Hormel Foods"" OR ""Hormel"") (""distribution center"" OR plant OR warehouse) (opened OR expansion OR footprint OR network)","https://www.google.com/search?q=(%22Hormel%20Foods%22%20OR%20%22Hormel%22)%20(%22distribution%20center%22%20OR%20plant%20OR%20warehouse)%20(opened%20OR%20expansion%20OR%20footprint%20OR%20network)"
"Hormel Foods","B","Tier 2","40+","accounts-json","missing","operations-footprint","Operations Footprint","Find supply-chain and operations interviews that mention site counts and operating model.","(""Hormel Foods"" OR ""Hormel"") (""supply chain"" OR operations OR manufacturing OR logistics) (footprint OR facilities OR plants OR network)","https://www.google.com/search?q=(%22Hormel%20Foods%22%20OR%20%22Hormel%22)%20(%22supply%20chain%22%20OR%20operations%20OR%20manufacturing%20OR%20logistics)%20(footprint%20OR%20facilities%20OR%20plants%20OR%20network)"
"JM Smucker","B","Tier 2","25+","accounts-json","missing","official-footprint","Official Footprint","Find the company's published network, locations, or footprint page.","(""JM Smucker"" OR ""The J.M. Smucker Company"") (locations OR footprint OR network) (manufacturing OR plant OR warehouse OR ""distribution center"")","https://www.google.com/search?q=(%22JM%20Smucker%22%20OR%20%22The%20J.M.%20Smucker%20Company%22)%20(locations%20OR%20footprint%20OR%20network)%20(manufacturing%20OR%20plant%20OR%20warehouse%20OR%20%22distribution%20center%22)"
"JM Smucker","B","Tier 2","25+","accounts-json","missing","annual-report","Annual Report / IR","Find investor-facing language that discloses facility totals or regional footprint.","(""JM Smucker"" OR ""The J.M. Smucker Company"") (""annual report"" OR investor OR ""10-K"") (facilities OR plants OR warehouses OR ""distribution centers"")","https://www.google.com/search?q=(%22JM%20Smucker%22%20OR%20%22The%20J.M.%20Smucker%20Company%22)%20(%22annual%20report%22%20OR%20investor%20OR%20%2210-K%22)%20(facilities%20OR%20plants%20OR%20warehouses%20OR%20%22distribution%20centers%22)"
"JM Smucker","B","Tier 2","25+","accounts-json","missing","sec-filings","SEC Filings","Cross-check formal public filings when company marketing pages are vague.","site:sec.gov (""JM Smucker"" OR ""The J.M. Smucker Company"") (""10-K"" OR ""annual report"") (facilities OR plants OR warehouse OR logistics)","https://www.google.com/search?q=site%3Asec.gov%20(%22JM%20Smucker%22%20OR%20%22The%20J.M.%20Smucker%20Company%22)%20(%2210-K%22%20OR%20%22annual%20report%22)%20(facilities%20OR%20plants%20OR%20warehouse%20OR%20logistics)"
"JM Smucker","B","Tier 2","25+","accounts-json","missing","north-america-network","North America Network","Separate global footprint claims from the network Casey is actually selling into.","(""JM Smucker"" OR ""The J.M. Smucker Company"") (""North America"" OR USA OR US) (manufacturing OR distribution OR logistics) (facilities OR plants OR DCs OR warehouses)","https://www.google.com/search?q=(%22JM%20Smucker%22%20OR%20%22The%20J.M.%20Smucker%20Company%22)%20(%22North%20America%22%20OR%20USA%20OR%20US)%20(manufacturing%20OR%20distribution%20OR%20logistics)%20(facilities%20OR%20plants%20OR%20DCs%20OR%20warehouses)"
"JM Smucker","B","Tier 2","25+","accounts-json","missing","expansion-history","Expansion History","Catch openings, expansions, and new DC announcements that imply current footprint scale.","(""JM Smucker"" OR ""The J.M. Smucker Company"") (""distribution center"" OR plant OR warehouse) (opened OR expansion OR footprint OR network)","https://www.google.com/search?q=(%22JM%20Smucker%22%20OR%20%22The%20J.M.%20Smucker%20Company%22)%20(%22distribution%20center%22%20OR%20plant%20OR%20warehouse)%20(opened%20OR%20expansion%20OR%20footprint%20OR%20network)"
"JM Smucker","B","Tier 2","25+","accounts-json","missing","operations-footprint","Operations Footprint","Find supply-chain and operations interviews that mention site counts and operating model.","(""JM Smucker"" OR ""The J.M. Smucker Company"") (""supply chain"" OR operations OR manufacturing OR logistics) (footprint OR facilities OR plants OR network)","https://www.google.com/search?q=(%22JM%20Smucker%22%20OR%20%22The%20J.M.%20Smucker%20Company%22)%20(%22supply%20chain%22%20OR%20operations%20OR%20manufacturing%20OR%20logistics)%20(footprint%20OR%20facilities%20OR%20plants%20OR%20network)"
"The Home Depot","C","Tier 2","200+","accounts-json","missing","official-footprint","Official Footprint","Find the company's published network, locations, or footprint page.","""The Home Depot"" (locations OR footprint OR network) (manufacturing OR plant OR warehouse OR ""distribution center"")","https://www.google.com/search?q=%22The%20Home%20Depot%22%20(locations%20OR%20footprint%20OR%20network)%20(manufacturing%20OR%20plant%20OR%20warehouse%20OR%20%22distribution%20center%22)"
"The Home Depot","C","Tier 2","200+","accounts-json","missing","annual-report","Annual Report / IR","Find investor-facing language that discloses facility totals or regional footprint.","""The Home Depot"" (""annual report"" OR investor OR ""10-K"") (facilities OR plants OR warehouses OR ""distribution centers"")","https://www.google.com/search?q=%22The%20Home%20Depot%22%20(%22annual%20report%22%20OR%20investor%20OR%20%2210-K%22)%20(facilities%20OR%20plants%20OR%20warehouses%20OR%20%22distribution%20centers%22)"
"The Home Depot","C","Tier 2","200+","accounts-json","missing","sec-filings","SEC Filings","Cross-check formal public filings when company marketing pages are vague.","site:sec.gov ""The Home Depot"" (""10-K"" OR ""annual report"") (facilities OR plants OR warehouse OR logistics)","https://www.google.com/search?q=site%3Asec.gov%20%22The%20Home%20Depot%22%20(%2210-K%22%20OR%20%22annual%20report%22)%20(facilities%20OR%20plants%20OR%20warehouse%20OR%20logistics)"
"The Home Depot","C","Tier 2","200+","accounts-json","missing","north-america-network","North America Network","Separate global footprint claims from the network Casey is actually selling into.","""The Home Depot"" (""North America"" OR USA OR US) (manufacturing OR distribution OR logistics) (facilities OR plants OR DCs OR warehouses)","https://www.google.com/search?q=%22The%20Home%20Depot%22%20(%22North%20America%22%20OR%20USA%20OR%20US)%20(manufacturing%20OR%20distribution%20OR%20logistics)%20(facilities%20OR%20plants%20OR%20DCs%20OR%20warehouses)"
"The Home Depot","C","Tier 2","200+","accounts-json","missing","expansion-history","Expansion History","Catch openings, expansions, and new DC announcements that imply current footprint scale.","""The Home Depot"" (""distribution center"" OR plant OR warehouse) (opened OR expansion OR footprint OR network)","https://www.google.com/search?q=%22The%20Home%20Depot%22%20(%22distribution%20center%22%20OR%20plant%20OR%20warehouse)%20(opened%20OR%20expansion%20OR%20footprint%20OR%20network)"
"The Home Depot","C","Tier 2","200+","accounts-json","missing","operations-footprint","Operations Footprint","Find supply-chain and operations interviews that mention site counts and operating model.","""The Home Depot"" (""supply chain"" OR operations OR manufacturing OR logistics) (footprint OR facilities OR plants OR network)","https://www.google.com/search?q=%22The%20Home%20Depot%22%20(%22supply%20chain%22%20OR%20operations%20OR%20manufacturing%20OR%20logistics)%20(footprint%20OR%20facilities%20OR%20plants%20OR%20network)"
"Georgia Pacific","C","Tier 2","150+","accounts-json","missing","official-footprint","Official Footprint","Find the company's published network, locations, or footprint page.","(""Georgia Pacific"" OR ""Georgia-Pacific"") (locations OR footprint OR network) (manufacturing OR plant OR warehouse OR ""distribution center"")","https://www.google.com/search?q=(%22Georgia%20Pacific%22%20OR%20%22Georgia-Pacific%22)%20(locations%20OR%20footprint%20OR%20network)%20(manufacturing%20OR%20plant%20OR%20warehouse%20OR%20%22distribution%20center%22)"
"Georgia Pacific","C","Tier 2","150+","accounts-json","missing","annual-report","Annual Report / IR","Find investor-facing language that discloses facility totals or regional footprint.","(""Georgia Pacific"" OR ""Georgia-Pacific"") (""annual report"" OR investor OR ""10-K"") (facilities OR plants OR warehouses OR ""distribution centers"")","https://www.google.com/search?q=(%22Georgia%20Pacific%22%20OR%20%22Georgia-Pacific%22)%20(%22annual%20report%22%20OR%20investor%20OR%20%2210-K%22)%20(facilities%20OR%20plants%20OR%20warehouses%20OR%20%22distribution%20centers%22)"
"Georgia Pacific","C","Tier 2","150+","accounts-json","missing","sec-filings","SEC Filings","Cross-check formal public filings when company marketing pages are vague.","site:sec.gov (""Georgia Pacific"" OR ""Georgia-Pacific"") (""10-K"" OR ""annual report"") (facilities OR plants OR warehouse OR logistics)","https://www.google.com/search?q=site%3Asec.gov%20(%22Georgia%20Pacific%22%20OR%20%22Georgia-Pacific%22)%20(%2210-K%22%20OR%20%22annual%20report%22)%20(facilities%20OR%20plants%20OR%20warehouse%20OR%20logistics)"
"Georgia Pacific","C","Tier 2","150+","accounts-json","missing","north-america-network","North America Network","Separate global footprint claims from the network Casey is actually selling into.","(""Georgia Pacific"" OR ""Georgia-Pacific"") (""North America"" OR USA OR US) (manufacturing OR distribution OR logistics) (facilities OR plants OR DCs OR warehouses)","https://www.google.com/search?q=(%22Georgia%20Pacific%22%20OR%20%22Georgia-Pacific%22)%20(%22North%20America%22%20OR%20USA%20OR%20US)%20(manufacturing%20OR%20distribution%20OR%20logistics)%20(facilities%20OR%20plants%20OR%20DCs%20OR%20warehouses)"
"Georgia Pacific","C","Tier 2","150+","accounts-json","missing","expansion-history","Expansion History","Catch openings, expansions, and new DC announcements that imply current footprint scale.","(""Georgia Pacific"" OR ""Georgia-Pacific"") (""distribution center"" OR plant OR warehouse) (opened OR expansion OR footprint OR network)","https://www.google.com/search?q=(%22Georgia%20Pacific%22%20OR%20%22Georgia-Pacific%22)%20(%22distribution%20center%22%20OR%20plant%20OR%20warehouse)%20(opened%20OR%20expansion%20OR%20footprint%20OR%20network)"
"Georgia Pacific","C","Tier 2","150+","accounts-json","missing","operations-footprint","Operations Footprint","Find supply-chain and operations interviews that mention site counts and operating model.","(""Georgia Pacific"" OR ""Georgia-Pacific"") (""supply chain"" OR operations OR manufacturing OR logistics) (footprint OR facilities OR plants OR network)","https://www.google.com/search?q=(%22Georgia%20Pacific%22%20OR%20%22Georgia-Pacific%22)%20(%22supply%20chain%22%20OR%20operations%20OR%20manufacturing%20OR%20logistics)%20(footprint%20OR%20facilities%20OR%20plants%20OR%20network)"
"H-E-B","C","Tier 2","50+","accounts-json","missing","official-footprint","Official Footprint","Find the company's published network, locations, or footprint page.","""H-E-B"" (locations OR footprint OR network) (manufacturing OR plant OR warehouse OR ""distribution center"")","https://www.google.com/search?q=%22H-E-B%22%20(locations%20OR%20footprint%20OR%20network)%20(manufacturing%20OR%20plant%20OR%20warehouse%20OR%20%22distribution%20center%22)"
"H-E-B","C","Tier 2","50+","accounts-json","missing","annual-report","Annual Report / IR","Find investor-facing language that discloses facility totals or regional footprint.","""H-E-B"" (""annual report"" OR investor OR ""10-K"") (facilities OR plants OR warehouses OR ""distribution centers"")","https://www.google.com/search?q=%22H-E-B%22%20(%22annual%20report%22%20OR%20investor%20OR%20%2210-K%22)%20(facilities%20OR%20plants%20OR%20warehouses%20OR%20%22distribution%20centers%22)"
"H-E-B","C","Tier 2","50+","accounts-json","missing","sec-filings","SEC Filings","Cross-check formal public filings when company marketing pages are vague.","site:sec.gov ""H-E-B"" (""10-K"" OR ""annual report"") (facilities OR plants OR warehouse OR logistics)","https://www.google.com/search?q=site%3Asec.gov%20%22H-E-B%22%20(%2210-K%22%20OR%20%22annual%20report%22)%20(facilities%20OR%20plants%20OR%20warehouse%20OR%20logistics)"
"H-E-B","C","Tier 2","50+","accounts-json","missing","north-america-network","North America Network","Separate global footprint claims from the network Casey is actually selling into.","""H-E-B"" (""North America"" OR USA OR US) (manufacturing OR distribution OR logistics) (facilities OR plants OR DCs OR warehouses)","https://www.google.com/search?q=%22H-E-B%22%20(%22North%20America%22%20OR%20USA%20OR%20US)%20(manufacturing%20OR%20distribution%20OR%20logistics)%20(facilities%20OR%20plants%20OR%20DCs%20OR%20warehouses)"
"H-E-B","C","Tier 2","50+","accounts-json","missing","expansion-history","Expansion History","Catch openings, expansions, and new DC announcements that imply current footprint scale.","""H-E-B"" (""distribution center"" OR plant OR warehouse) (opened OR expansion OR footprint OR network)","https://www.google.com/search?q=%22H-E-B%22%20(%22distribution%20center%22%20OR%20plant%20OR%20warehouse)%20(opened%20OR%20expansion%20OR%20footprint%20OR%20network)"
"H-E-B","C","Tier 2","50+","accounts-json","missing","operations-footprint","Operations Footprint","Find supply-chain and operations interviews that mention site counts and operating model.","""H-E-B"" (""supply chain"" OR operations OR manufacturing OR logistics) (footprint OR facilities OR plants OR network)","https://www.google.com/search?q=%22H-E-B%22%20(%22supply%20chain%22%20OR%20operations%20OR%20manufacturing%20OR%20logistics)%20(footprint%20OR%20facilities%20OR%20plants%20OR%20network)"
"Honda","D","Tier 3","12","accounts-json","missing","official-footprint","Official Footprint","Find the company's published network, locations, or footprint page.","""Honda"" (locations OR footprint OR network) (manufacturing OR plant OR warehouse OR ""distribution center"")","https://www.google.com/search?q=%22Honda%22%20(locations%20OR%20footprint%20OR%20network)%20(manufacturing%20OR%20plant%20OR%20warehouse%20OR%20%22distribution%20center%22)"
"Honda","D","Tier 3","12","accounts-json","missing","annual-report","Annual Report / IR","Find investor-facing language that discloses facility totals or regional footprint.","""Honda"" (""annual report"" OR investor OR ""10-K"") (facilities OR plants OR warehouses OR ""distribution centers"")","https://www.google.com/search?q=%22Honda%22%20(%22annual%20report%22%20OR%20investor%20OR%20%2210-K%22)%20(facilities%20OR%20plants%20OR%20warehouses%20OR%20%22distribution%20centers%22)"
"Honda","D","Tier 3","12","accounts-json","missing","sec-filings","SEC Filings","Cross-check formal public filings when company marketing pages are vague.","site:sec.gov ""Honda"" (""10-K"" OR ""annual report"") (facilities OR plants OR warehouse OR logistics)","https://www.google.com/search?q=site%3Asec.gov%20%22Honda%22%20(%2210-K%22%20OR%20%22annual%20report%22)%20(facilities%20OR%20plants%20OR%20warehouse%20OR%20logistics)"
"Honda","D","Tier 3","12","accounts-json","missing","north-america-network","North America Network","Separate global footprint claims from the network Casey is actually selling into.","""Honda"" (""North America"" OR USA OR US) (manufacturing OR distribution OR logistics) (facilities OR plants OR DCs OR warehouses)","https://www.google.com/search?q=%22Honda%22%20(%22North%20America%22%20OR%20USA%20OR%20US)%20(manufacturing%20OR%20distribution%20OR%20logistics)%20(facilities%20OR%20plants%20OR%20DCs%20OR%20warehouses)"
"Honda","D","Tier 3","12","accounts-json","missing","expansion-history","Expansion History","Catch openings, expansions, and new DC announcements that imply current footprint scale.","""Honda"" (""distribution center"" OR plant OR warehouse) (opened OR expansion OR footprint OR network)","https://www.google.com/search?q=%22Honda%22%20(%22distribution%20center%22%20OR%20plant%20OR%20warehouse)%20(opened%20OR%20expansion%20OR%20footprint%20OR%20network)"
"Honda","D","Tier 3","12","accounts-json","missing","operations-footprint","Operations Footprint","Find supply-chain and operations interviews that mention site counts and operating model.","""Honda"" (""supply chain"" OR operations OR manufacturing OR logistics) (footprint OR facilities OR plants OR network)","https://www.google.com/search?q=%22Honda%22%20(%22supply%20chain%22%20OR%20operations%20OR%20manufacturing%20OR%20logistics)%20(footprint%20OR%20facilities%20OR%20plants%20OR%20network)"
"Hyundai Motor America","D","Tier 3","5","accounts-json","missing","official-footprint","Official Footprint","Find the company's published network, locations, or footprint page.","(""Hyundai Motor America"" OR ""Hyundai"") (locations OR footprint OR network) (manufacturing OR plant OR warehouse OR ""distribution center"")","https://www.google.com/search?q=(%22Hyundai%20Motor%20America%22%20OR%20%22Hyundai%22)%20(locations%20OR%20footprint%20OR%20network)%20(manufacturing%20OR%20plant%20OR%20warehouse%20OR%20%22distribution%20center%22)"
"Hyundai Motor America","D","Tier 3","5","accounts-json","missing","annual-report","Annual Report / IR","Find investor-facing language that discloses facility totals or regional footprint.","(""Hyundai Motor America"" OR ""Hyundai"") (""annual report"" OR investor OR ""10-K"") (facilities OR plants OR warehouses OR ""distribution centers"")","https://www.google.com/search?q=(%22Hyundai%20Motor%20America%22%20OR%20%22Hyundai%22)%20(%22annual%20report%22%20OR%20investor%20OR%20%2210-K%22)%20(facilities%20OR%20plants%20OR%20warehouses%20OR%20%22distribution%20centers%22)"
"Hyundai Motor America","D","Tier 3","5","accounts-json","missing","sec-filings","SEC Filings","Cross-check formal public filings when company marketing pages are vague.","site:sec.gov (""Hyundai Motor America"" OR ""Hyundai"") (""10-K"" OR ""annual report"") (facilities OR plants OR warehouse OR logistics)","https://www.google.com/search?q=site%3Asec.gov%20(%22Hyundai%20Motor%20America%22%20OR%20%22Hyundai%22)%20(%2210-K%22%20OR%20%22annual%20report%22)%20(facilities%20OR%20plants%20OR%20warehouse%20OR%20logistics)"
"Hyundai Motor America","D","Tier 3","5","accounts-json","missing","north-america-network","North America Network","Separate global footprint claims from the network Casey is actually selling into.","(""Hyundai Motor America"" OR ""Hyundai"") (""North America"" OR USA OR US) (manufacturing OR distribution OR logistics) (facilities OR plants OR DCs OR warehouses)","https://www.google.com/search?q=(%22Hyundai%20Motor%20America%22%20OR%20%22Hyundai%22)%20(%22North%20America%22%20OR%20USA%20OR%20US)%20(manufacturing%20OR%20distribution%20OR%20logistics)%20(facilities%20OR%20plants%20OR%20DCs%20OR%20warehouses)"
"Hyundai Motor America","D","Tier 3","5","accounts-json","missing","expansion-history","Expansion History","Catch openings, expansions, and new DC announcements that imply current footprint scale.","(""Hyundai Motor America"" OR ""Hyundai"") (""distribution center"" OR plant OR warehouse) (opened OR expansion OR footprint OR network)","https://www.google.com/search?q=(%22Hyundai%20Motor%20America%22%20OR%20%22Hyundai%22)%20(%22distribution%20center%22%20OR%20plant%20OR%20warehouse)%20(opened%20OR%20expansion%20OR%20footprint%20OR%20network)"
"Hyundai Motor America","D","Tier 3","5","accounts-json","missing","operations-footprint","Operations Footprint","Find supply-chain and operations interviews that mention site counts and operating model.","(""Hyundai Motor America"" OR ""Hyundai"") (""supply chain"" OR operations OR manufacturing OR logistics) (footprint OR facilities OR plants OR network)","https://www.google.com/search?q=(%22Hyundai%20Motor%20America%22%20OR%20%22Hyundai%22)%20(%22supply%20chain%22%20OR%20operations%20OR%20manufacturing%20OR%20logistics)%20(footprint%20OR%20facilities%20OR%20plants%20OR%20network)"
"John Deere","D","Tier 3","60+","accounts-json","missing","official-footprint","Official Footprint","Find the company's published network, locations, or footprint page.","""John Deere"" (locations OR footprint OR network) (manufacturing OR plant OR warehouse OR ""distribution center"")","https://www.google.com/search?q=%22John%20Deere%22%20(locations%20OR%20footprint%20OR%20network)%20(manufacturing%20OR%20plant%20OR%20warehouse%20OR%20%22distribution%20center%22)"
"John Deere","D","Tier 3","60+","accounts-json","missing","annual-report","Annual Report / IR","Find investor-facing language that discloses facility totals or regional footprint.","""John Deere"" (""annual report"" OR investor OR ""10-K"") (facilities OR plants OR warehouses OR ""distribution centers"")","https://www.google.com/search?q=%22John%20Deere%22%20(%22annual%20report%22%20OR%20investor%20OR%20%2210-K%22)%20(facilities%20OR%20plants%20OR%20warehouses%20OR%20%22distribution%20centers%22)"
"John Deere","D","Tier 3","60+","accounts-json","missing","sec-filings","SEC Filings","Cross-check formal public filings when company marketing pages are vague.","site:sec.gov ""John Deere"" (""10-K"" OR ""annual report"") (facilities OR plants OR warehouse OR logistics)","https://www.google.com/search?q=site%3Asec.gov%20%22John%20Deere%22%20(%2210-K%22%20OR%20%22annual%20report%22)%20(facilities%20OR%20plants%20OR%20warehouse%20OR%20logistics)"
"John Deere","D","Tier 3","60+","accounts-json","missing","north-america-network","North America Network","Separate global footprint claims from the network Casey is actually selling into.","""John Deere"" (""North America"" OR USA OR US) (manufacturing OR distribution OR logistics) (facilities OR plants OR DCs OR warehouses)","https://www.google.com/search?q=%22John%20Deere%22%20(%22North%20America%22%20OR%20USA%20OR%20US)%20(manufacturing%20OR%20distribution%20OR%20logistics)%20(facilities%20OR%20plants%20OR%20DCs%20OR%20warehouses)"
"John Deere","D","Tier 3","60+","accounts-json","missing","expansion-history","Expansion History","Catch openings, expansions, and new DC announcements that imply current footprint scale.","""John Deere"" (""distribution center"" OR plant OR warehouse) (opened OR expansion OR footprint OR network)","https://www.google.com/search?q=%22John%20Deere%22%20(%22distribution%20center%22%20OR%20plant%20OR%20warehouse)%20(opened%20OR%20expansion%20OR%20footprint%20OR%20network)"
"John Deere","D","Tier 3","60+","accounts-json","missing","operations-footprint","Operations Footprint","Find supply-chain and operations interviews that mention site counts and operating model.","""John Deere"" (""supply chain"" OR operations OR manufacturing OR logistics) (footprint OR facilities OR plants OR network)","https://www.google.com/search?q=%22John%20Deere%22%20(%22supply%20chain%22%20OR%20operations%20OR%20manufacturing%20OR%20logistics)%20(footprint%20OR%20facilities%20OR%20plants%20OR%20network)"
"Kenco Logistics Services","D","Tier 3","100+","accounts-json","missing","official-footprint","Official Footprint","Find the company's published network, locations, or footprint page.","(""Kenco Logistics Services"" OR ""Kenco"") (locations OR footprint OR network) (manufacturing OR plant OR warehouse OR ""distribution center"")","https://www.google.com/search?q=(%22Kenco%20Logistics%20Services%22%20OR%20%22Kenco%22)%20(locations%20OR%20footprint%20OR%20network)%20(manufacturing%20OR%20plant%20OR%20warehouse%20OR%20%22distribution%20center%22)"
"Kenco Logistics Services","D","Tier 3","100+","accounts-json","missing","annual-report","Annual Report / IR","Find investor-facing language that discloses facility totals or regional footprint.","(""Kenco Logistics Services"" OR ""Kenco"") (""annual report"" OR investor OR ""10-K"") (facilities OR plants OR warehouses OR ""distribution centers"")","https://www.google.com/search?q=(%22Kenco%20Logistics%20Services%22%20OR%20%22Kenco%22)%20(%22annual%20report%22%20OR%20investor%20OR%20%2210-K%22)%20(facilities%20OR%20plants%20OR%20warehouses%20OR%20%22distribution%20centers%22)"
"Kenco Logistics Services","D","Tier 3","100+","accounts-json","missing","sec-filings","SEC Filings","Cross-check formal public filings when company marketing pages are vague.","site:sec.gov (""Kenco Logistics Services"" OR ""Kenco"") (""10-K"" OR ""annual report"") (facilities OR plants OR warehouse OR logistics)","https://www.google.com/search?q=site%3Asec.gov%20(%22Kenco%20Logistics%20Services%22%20OR%20%22Kenco%22)%20(%2210-K%22%20OR%20%22annual%20report%22)%20(facilities%20OR%20plants%20OR%20warehouse%20OR%20logistics)"
"Kenco Logistics Services","D","Tier 3","100+","accounts-json","missing","north-america-network","North America Network","Separate global footprint claims from the network Casey is actually selling into.","(""Kenco Logistics Services"" OR ""Kenco"") (""North America"" OR USA OR US) (manufacturing OR distribution OR logistics) (facilities OR plants OR DCs OR warehouses)","https://www.google.com/search?q=(%22Kenco%20Logistics%20Services%22%20OR%20%22Kenco%22)%20(%22North%20America%22%20OR%20USA%20OR%20US)%20(manufacturing%20OR%20distribution%20OR%20logistics)%20(facilities%20OR%20plants%20OR%20DCs%20OR%20warehouses)"
"Kenco Logistics Services","D","Tier 3","100+","accounts-json","missing","expansion-history","Expansion History","Catch openings, expansions, and new DC announcements that imply current footprint scale.","(""Kenco Logistics Services"" OR ""Kenco"") (""distribution center"" OR plant OR warehouse) (opened OR expansion OR footprint OR network)","https://www.google.com/search?q=(%22Kenco%20Logistics%20Services%22%20OR%20%22Kenco%22)%20(%22distribution%20center%22%20OR%20plant%20OR%20warehouse)%20(opened%20OR%20expansion%20OR%20footprint%20OR%20network)"
"Kenco Logistics Services","D","Tier 3","100+","accounts-json","missing","operations-footprint","Operations Footprint","Find supply-chain and operations interviews that mention site counts and operating model.","(""Kenco Logistics Services"" OR ""Kenco"") (""supply chain"" OR operations OR manufacturing OR logistics) (footprint OR facilities OR plants OR network)","https://www.google.com/search?q=(%22Kenco%20Logistics%20Services%22%20OR%20%22Kenco%22)%20(%22supply%20chain%22%20OR%20operations%20OR%20manufacturing%20OR%20logistics)%20(footprint%20OR%20facilities%20OR%20plants%20OR%20network)"
"Barnes & Noble","D","Tier 3","8","accounts-json","missing","official-footprint","Official Footprint","Find the company's published network, locations, or footprint page.","""Barnes & Noble"" (locations OR footprint OR network) (manufacturing OR plant OR warehouse OR ""distribution center"")","https://www.google.com/search?q=%22Barnes%20%26%20Noble%22%20(locations%20OR%20footprint%20OR%20network)%20(manufacturing%20OR%20plant%20OR%20warehouse%20OR%20%22distribution%20center%22)"
"Barnes & Noble","D","Tier 3","8","accounts-json","missing","annual-report","Annual Report / IR","Find investor-facing language that discloses facility totals or regional footprint.","""Barnes & Noble"" (""annual report"" OR investor OR ""10-K"") (facilities OR plants OR warehouses OR ""distribution centers"")","https://www.google.com/search?q=%22Barnes%20%26%20Noble%22%20(%22annual%20report%22%20OR%20investor%20OR%20%2210-K%22)%20(facilities%20OR%20plants%20OR%20warehouses%20OR%20%22distribution%20centers%22)"
"Barnes & Noble","D","Tier 3","8","accounts-json","missing","sec-filings","SEC Filings","Cross-check formal public filings when company marketing pages are vague.","site:sec.gov ""Barnes & Noble"" (""10-K"" OR ""annual report"") (facilities OR plants OR warehouse OR logistics)","https://www.google.com/search?q=site%3Asec.gov%20%22Barnes%20%26%20Noble%22%20(%2210-K%22%20OR%20%22annual%20report%22)%20(facilities%20OR%20plants%20OR%20warehouse%20OR%20logistics)"
"Barnes & Noble","D","Tier 3","8","accounts-json","missing","north-america-network","North America Network","Separate global footprint claims from the network Casey is actually selling into.","""Barnes & Noble"" (""North America"" OR USA OR US) (manufacturing OR distribution OR logistics) (facilities OR plants OR DCs OR warehouses)","https://www.google.com/search?q=%22Barnes%20%26%20Noble%22%20(%22North%20America%22%20OR%20USA%20OR%20US)%20(manufacturing%20OR%20distribution%20OR%20logistics)%20(facilities%20OR%20plants%20OR%20DCs%20OR%20warehouses)"
"Barnes & Noble","D","Tier 3","8","accounts-json","missing","expansion-history","Expansion History","Catch openings, expansions, and new DC announcements that imply current footprint scale.","""Barnes & Noble"" (""distribution center"" OR plant OR warehouse) (opened OR expansion OR footprint OR network)","https://www.google.com/search?q=%22Barnes%20%26%20Noble%22%20(%22distribution%20center%22%20OR%20plant%20OR%20warehouse)%20(opened%20OR%20expansion%20OR%20footprint%20OR%20network)"
"Barnes & Noble","D","Tier 3","8","accounts-json","missing","operations-footprint","Operations Footprint","Find supply-chain and operations interviews that mention site counts and operating model.","""Barnes & Noble"" (""supply chain"" OR operations OR manufacturing OR logistics) (footprint OR facilities OR plants OR network)","https://www.google.com/search?q=%22Barnes%20%26%20Noble%22%20(%22supply%20chain%22%20OR%20operations%20OR%20manufacturing%20OR%20logistics)%20(footprint%20OR%20facilities%20OR%20plants%20OR%20network)"
"FedEx","D","Tier 3","5,000+","accounts-json","missing","official-footprint","Official Footprint","Find the company's published network, locations, or footprint page.","""FedEx"" (locations OR footprint OR network) (manufacturing OR plant OR warehouse OR ""distribution center"")","https://www.google.com/search?q=%22FedEx%22%20(locations%20OR%20footprint%20OR%20network)%20(manufacturing%20OR%20plant%20OR%20warehouse%20OR%20%22distribution%20center%22)"
"FedEx","D","Tier 3","5,000+","accounts-json","missing","annual-report","Annual Report / IR","Find investor-facing language that discloses facility totals or regional footprint.","""FedEx"" (""annual report"" OR investor OR ""10-K"") (facilities OR plants OR warehouses OR ""distribution centers"")","https://www.google.com/search?q=%22FedEx%22%20(%22annual%20report%22%20OR%20investor%20OR%20%2210-K%22)%20(facilities%20OR%20plants%20OR%20warehouses%20OR%20%22distribution%20centers%22)"
"FedEx","D","Tier 3","5,000+","accounts-json","missing","sec-filings","SEC Filings","Cross-check formal public filings when company marketing pages are vague.","site:sec.gov ""FedEx"" (""10-K"" OR ""annual report"") (facilities OR plants OR warehouse OR logistics)","https://www.google.com/search?q=site%3Asec.gov%20%22FedEx%22%20(%2210-K%22%20OR%20%22annual%20report%22)%20(facilities%20OR%20plants%20OR%20warehouse%20OR%20logistics)"
"FedEx","D","Tier 3","5,000+","accounts-json","missing","north-america-network","North America Network","Separate global footprint claims from the network Casey is actually selling into.","""FedEx"" (""North America"" OR USA OR US) (manufacturing OR distribution OR logistics) (facilities OR plants OR DCs OR warehouses)","https://www.google.com/search?q=%22FedEx%22%20(%22North%20America%22%20OR%20USA%20OR%20US)%20(manufacturing%20OR%20distribution%20OR%20logistics)%20(facilities%20OR%20plants%20OR%20DCs%20OR%20warehouses)"
"FedEx","D","Tier 3","5,000+","accounts-json","missing","expansion-history","Expansion History","Catch openings, expansions, and new DC announcements that imply current footprint scale.","""FedEx"" (""distribution center"" OR plant OR warehouse) (opened OR expansion OR footprint OR network)","https://www.google.com/search?q=%22FedEx%22%20(%22distribution%20center%22%20OR%20plant%20OR%20warehouse)%20(opened%20OR%20expansion%20OR%20footprint%20OR%20network)"
"FedEx","D","Tier 3","5,000+","accounts-json","missing","operations-footprint","Operations Footprint","Find supply-chain and operations interviews that mention site counts and operating model.","""FedEx"" (""supply chain"" OR operations OR manufacturing OR logistics) (footprint OR facilities OR plants OR network)","https://www.google.com/search?q=%22FedEx%22%20(%22supply%20chain%22%20OR%20operations%20OR%20manufacturing%20OR%20logistics)%20(footprint%20OR%20facilities%20OR%20plants%20OR%20network)"
"AB InBev","Flagship","Flagship","100+","accounts-json","missing","official-footprint","Official Footprint","Find the company's published network, locations, or footprint page.","(""AB InBev"" OR ""Anheuser-Busch InBev"") (locations OR footprint OR network) (manufacturing OR plant OR warehouse OR ""distribution center"")","https://www.google.com/search?q=(%22AB%20InBev%22%20OR%20%22Anheuser-Busch%20InBev%22)%20(locations%20OR%20footprint%20OR%20network)%20(manufacturing%20OR%20plant%20OR%20warehouse%20OR%20%22distribution%20center%22)"
"AB InBev","Flagship","Flagship","100+","accounts-json","missing","annual-report","Annual Report / IR","Find investor-facing language that discloses facility totals or regional footprint.","(""AB InBev"" OR ""Anheuser-Busch InBev"") (""annual report"" OR investor OR ""10-K"") (facilities OR plants OR warehouses OR ""distribution centers"")","https://www.google.com/search?q=(%22AB%20InBev%22%20OR%20%22Anheuser-Busch%20InBev%22)%20(%22annual%20report%22%20OR%20investor%20OR%20%2210-K%22)%20(facilities%20OR%20plants%20OR%20warehouses%20OR%20%22distribution%20centers%22)"
"AB InBev","Flagship","Flagship","100+","accounts-json","missing","sec-filings","SEC Filings","Cross-check formal public filings when company marketing pages are vague.","site:sec.gov (""AB InBev"" OR ""Anheuser-Busch InBev"") (""10-K"" OR ""annual report"") (facilities OR plants OR warehouse OR logistics)","https://www.google.com/search?q=site%3Asec.gov%20(%22AB%20InBev%22%20OR%20%22Anheuser-Busch%20InBev%22)%20(%2210-K%22%20OR%20%22annual%20report%22)%20(facilities%20OR%20plants%20OR%20warehouse%20OR%20logistics)"
"AB InBev","Flagship","Flagship","100+","accounts-json","missing","north-america-network","North America Network","Separate global footprint claims from the network Casey is actually selling into.","(""AB InBev"" OR ""Anheuser-Busch InBev"") (""North America"" OR USA OR US) (manufacturing OR distribution OR logistics) (facilities OR plants OR DCs OR warehouses)","https://www.google.com/search?q=(%22AB%20InBev%22%20OR%20%22Anheuser-Busch%20InBev%22)%20(%22North%20America%22%20OR%20USA%20OR%20US)%20(manufacturing%20OR%20distribution%20OR%20logistics)%20(facilities%20OR%20plants%20OR%20DCs%20OR%20warehouses)"
"AB InBev","Flagship","Flagship","100+","accounts-json","missing","expansion-history","Expansion History","Catch openings, expansions, and new DC announcements that imply current footprint scale.","(""AB InBev"" OR ""Anheuser-Busch InBev"") (""distribution center"" OR plant OR warehouse) (opened OR expansion OR footprint OR network)","https://www.google.com/search?q=(%22AB%20InBev%22%20OR%20%22Anheuser-Busch%20InBev%22)%20(%22distribution%20center%22%20OR%20plant%20OR%20warehouse)%20(opened%20OR%20expansion%20OR%20footprint%20OR%20network)"
"AB InBev","Flagship","Flagship","100+","accounts-json","missing","operations-footprint","Operations Footprint","Find supply-chain and operations interviews that mention site counts and operating model.","(""AB InBev"" OR ""Anheuser-Busch InBev"") (""supply chain"" OR operations OR manufacturing OR logistics) (footprint OR facilities OR plants OR network)","https://www.google.com/search?q=(%22AB%20InBev%22%20OR%20%22Anheuser-Busch%20InBev%22)%20(%22supply%20chain%22%20OR%20operations%20OR%20manufacturing%20OR%20logistics)%20(footprint%20OR%20facilities%20OR%20plants%20OR%20network)"
"Coca-Cola","Flagship","Flagship","70+","accounts-json","missing","official-footprint","Official Footprint","Find the company's published network, locations, or footprint page.","(""Coca-Cola"" OR ""The Coca-Cola Company"") (locations OR footprint OR network) (manufacturing OR plant OR warehouse OR ""distribution center"")","https://www.google.com/search?q=(%22Coca-Cola%22%20OR%20%22The%20Coca-Cola%20Company%22)%20(locations%20OR%20footprint%20OR%20network)%20(manufacturing%20OR%20plant%20OR%20warehouse%20OR%20%22distribution%20center%22)"
"Coca-Cola","Flagship","Flagship","70+","accounts-json","missing","annual-report","Annual Report / IR","Find investor-facing language that discloses facility totals or regional footprint.","(""Coca-Cola"" OR ""The Coca-Cola Company"") (""annual report"" OR investor OR ""10-K"") (facilities OR plants OR warehouses OR ""distribution centers"")","https://www.google.com/search?q=(%22Coca-Cola%22%20OR%20%22The%20Coca-Cola%20Company%22)%20(%22annual%20report%22%20OR%20investor%20OR%20%2210-K%22)%20(facilities%20OR%20plants%20OR%20warehouses%20OR%20%22distribution%20centers%22)"
"Coca-Cola","Flagship","Flagship","70+","accounts-json","missing","sec-filings","SEC Filings","Cross-check formal public filings when company marketing pages are vague.","site:sec.gov (""Coca-Cola"" OR ""The Coca-Cola Company"") (""10-K"" OR ""annual report"") (facilities OR plants OR warehouse OR logistics)","https://www.google.com/search?q=site%3Asec.gov%20(%22Coca-Cola%22%20OR%20%22The%20Coca-Cola%20Company%22)%20(%2210-K%22%20OR%20%22annual%20report%22)%20(facilities%20OR%20plants%20OR%20warehouse%20OR%20logistics)"
"Coca-Cola","Flagship","Flagship","70+","accounts-json","missing","north-america-network","North America Network","Separate global footprint claims from the network Casey is actually selling into.","(""Coca-Cola"" OR ""The Coca-Cola Company"") (""North America"" OR USA OR US) (manufacturing OR distribution OR logistics) (facilities OR plants OR DCs OR warehouses)","https://www.google.com/search?q=(%22Coca-Cola%22%20OR%20%22The%20Coca-Cola%20Company%22)%20(%22North%20America%22%20OR%20USA%20OR%20US)%20(manufacturing%20OR%20distribution%20OR%20logistics)%20(facilities%20OR%20plants%20OR%20DCs%20OR%20warehouses)"
"Coca-Cola","Flagship","Flagship","70+","accounts-json","missing","expansion-history","Expansion History","Catch openings, expansions, and new DC announcements that imply current footprint scale.","(""Coca-Cola"" OR ""The Coca-Cola Company"") (""distribution center"" OR plant OR warehouse) (opened OR expansion OR footprint OR network)","https://www.google.com/search?q=(%22Coca-Cola%22%20OR%20%22The%20Coca-Cola%20Company%22)%20(%22distribution%20center%22%20OR%20plant%20OR%20warehouse)%20(opened%20OR%20expansion%20OR%20footprint%20OR%20network)"
"Coca-Cola","Flagship","Flagship","70+","accounts-json","missing","operations-footprint","Operations Footprint","Find supply-chain and operations interviews that mention site counts and operating model.","(""Coca-Cola"" OR ""The Coca-Cola Company"") (""supply chain"" OR operations OR manufacturing OR logistics) (footprint OR facilities OR plants OR network)","https://www.google.com/search?q=(%22Coca-Cola%22%20OR%20%22The%20Coca-Cola%20Company%22)%20(%22supply%20chain%22%20OR%20operations%20OR%20manufacturing%20OR%20logistics)%20(footprint%20OR%20facilities%20OR%20plants%20OR%20network)"